Name,War,G,GS,GR,GF,CG,SHO,W,L,S,HD,IP,ER,R,Rra,TBF,H,2B,3B,HR,BB,HP,IB,SO,ROE,BK,wild pitch,ERA,RA9,rRA9,rRA9pf,FIP,WHIP,K/9,BB/9,K/BB,HR/9,K%,BB%,K-BB%,BABIP,LOB,xFIP,kwERA,ERA-FIP,ERA-,rRA9-,FIP-,AVG,OBP,SLG,OPS,NP,P/G,P/IP,P/PA,QS,QS%,QS+,QS+%,QH,TL,CW,RS,RS9,start W,start L,W%,start BW,start BL,strat BQ,start BQS,start BQS%,IP/GS,P/GS,AGS,starter waa,starter war,2time,3time,plus 1,SV,HD,BLSV,BLHD,BL+,save%,TS,TH,TBS,TBH,SD,MD,IR,IRS,IRS%,BQ,BQS,BQS%,IP/GR,P/GR,gmLI,closer war,BABIP,BIP,GB%,ifFB%,ofFB%,FB%,LD%,GB/FB,HR/FB%,if1B%
안우진,8.64,30,30,0,1,1,0,15,8,0,0,196,46,51,50.65,766,131,36,4,4,55,4,1,224,6,1,7,2.11,2.34,2.33,2.36,2.09,0.95,10.29,2.53,4.07,0.18,29.2,7.2,22.1,0.268,75.5,1.92,2.75,0.03,53.25,53.2,52.62,0.188,0.25,0.268,0.518,3003,100.1,15.3,3.92,24,80,15,50,2,0,0,77,3.5,17,13,56.7,0,0,7,1,14.3,6.53,100.1,64.97,5.16,8.64,0,0,0,0,0,0,0,0,,0,0,0,0,23,5,0,0,,7,1,14.3,,,,,0.268,474,43.5,5.6,47.6,53.2,3.3,0.8,1.6,6.9
요키시,6.47,30,30,0,0,0,0,10,8,0,0,185.1,53,61,59.8,746,169,31,3,8,33,5,0,154,13,0,2,2.57,2.96,2.9,3.06,2.86,1.09,7.48,1.6,4.67,0.39,20.6,4.4,16.2,0.302,74.5,2.41,3.45,-0.28,64.88,68.93,72,0.244,0.282,0.331,0.613,2912,97.1,15.7,3.9,22,73.3,9,30,3,0,0,75,3.6,13,16,44.8,0,0,7,2,28.6,6.18,97.07,57.83,3.17,6.47,0,0,0,0,0,0,0,0,,0,0,0,0,19,8,0,0,,7,2,28.6,,,,,0.302,534,56.5,3.1,37.4,40.4,3.1,1.4,3.6,8.3
김재웅,2.88,65,0,65,18,0,0,3,2,13,27,62.2,14,14,15.4,254,39,8,1,4,29,4,2,56,1,0,4,2.01,2.01,2.21,2.3,3.84,1.09,8.04,4.17,1.93,0.57,22,11.4,10.6,0.222,87.9,3.17,4.12,-1.83,50.69,51.74,96.88,0.179,0.287,0.28,0.567,1043,16,16.6,4.11,0,,0,,0,0,0,24,,0,0,,0,0,1,1,100,,,,,,19,3,1,13,27,2,0,2,95.2,0,0,1,0,36,4,14,4,28.6,1,1,100,0.96,16.05,1.55,2.88,0.222,158,37.6,7.9,52.1,60,2.4,0.6,4,2.6
애플러,2.55,33,25,8,2,1,1,6,8,0,0,140.1,67,69,68.3,622,172,34,1,13,40,6,1,86,8,0,4,4.3,4.43,4.38,4.46,4.37,1.51,5.52,2.57,2.15,0.83,13.8,6.4,7.4,0.339,74.5,3.36,4.51,-0.07,108.32,100.42,110.18,0.304,0.355,0.437,0.792,2369,71.8,16.9,3.81,8,32,3,12,11,0,0,76,5.3,15,10,60,0,0,12,1,8.3,5.15,86.12,46.92,0.03,2.31,2,0,4,0,0,0,0,0,,0,0,0,0,11,13,2,0,0,12,1,8.3,1.46,27,1.13,0.24,0.339,469,50.2,2.9,43.1,45.9,3.9,1.1,5.8,9.3
최원태,2.23,26,20,6,0,0,0,7,5,0,0,105.2,44,50,46.75,446,93,25,0,5,40,5,0,63,7,0,5,3.75,4.26,3.98,4.15,4.18,1.26,5.37,3.41,1.58,0.43,14.1,9,5.2,0.265,67.2,3.7,4.78,-0.43,94.47,93.43,105.3,0.234,0.31,0.334,0.644,1746,67.2,16.5,3.91,6,30,1,5,9,0,0,72,6.5,12,7,63.2,0,0,15,7,46.7,4.98,81.8,51.45,0.6,2.37,1,0,1,0,0,1,0,1,0,0,0,0,0,11,7,6,0,0,15,7,46.7,1,18.33,1.74,-0.15,0.265,332,46.2,4.4,45.3,49.7,4.1,0.9,3,7.5
한현희,1.12,21,14,7,0,0,0,6,4,0,0,77.2,41,44,41.25,346,83,20,1,9,24,8,0,59,5,0,2,4.75,5.1,4.78,4.81,4.54,1.38,6.84,2.78,2.46,1.04,17.1,6.9,10.1,0.303,69.6,3.26,4.19,0.21,119.77,108.4,114.48,0.268,0.334,0.426,0.76,1338,63.7,17.2,3.87,6,42.9,2,14.3,4,0,0,36,4.7,9,5,64.3,0,0,10,5,50,4.93,83.79,48.29,-0.14,1.09,2,0,2,0,0,0,0,0,,0,0,0,0,8,9,1,0,0,10,5,50,1.24,23.57,0.62,0.03,0.303,244,43.1,7.5,46.7,54.1,2.7,0.8,6.5,4.8
문성현,1.08,45,0,45,15,0,0,0,1,13,9,41.1,15,16,16.5,168,34,5,0,3,14,1,0,32,2,0,2,3.27,3.48,3.59,3.62,3.84,1.16,6.97,3.05,2.29,0.65,19,8.3,10.7,0.265,73.3,3.05,4.11,-0.57,82.34,81.46,96.74,0.224,0.293,0.316,0.609,692,15.4,16.7,4.12,0,,0,,0,0,0,7,,0,0,,0,0,5,1,20,,,,,,12,1,1,13,9,4,0,4,84.6,0,2,0,0,18,7,9,2,22.2,5,1,20,0.92,15.38,1.45,1.08,0.265,117,50.4,4.1,43,47.1,2.5,1.1,5.3,11.8
이승호,0.9,53,0,53,15,0,0,3,2,10,10,50.1,20,20,22.6,215,44,9,0,7,27,3,1,44,1,0,6,3.58,3.58,4.04,4.21,5.1,1.41,7.87,4.83,1.63,1.25,20.5,12.6,7.9,0.289,84.4,3.53,4.45,-1.53,90.15,94.85,128.6,0.249,0.354,0.418,0.772,820,15.5,16.3,3.81,0,,0,,0,0,0,13,,0,0,,0,0,10,3,30,,,,,,10,2,3,10,10,3,1,4,83.3,0,1,0,1,23,7,22,9,40.9,10,3,30,0.95,15.47,1.42,0.9,0.289,128,45.4,3.5,48.2,51.8,2.8,0.9,9.6,6.8
정찬헌,0.58,20,20,0,0,0,0,5,6,0,0,87.1,52,55,53.8,390,106,21,0,13,28,6,2,42,6,0,3,5.36,5.67,5.54,5.64,5.56,1.53,4.33,2.89,1.5,1.34,10.8,7.2,3.6,0.31,69.7,3.88,4.97,-0.2,135.09,127.09,140.16,0.302,0.36,0.473,0.833,1395,69.8,16,3.58,5,25,0,0,9,0,0,60,6.2,11,9,55,0,0,11,3,27.3,4.37,69.75,44.1,-0.97,0.58,0,0,0,0,0,0,0,0,,0,0,0,0,5,11,0,0,,11,3,27.3,,,,,0.31,300,51,4.5,42.7,47.1,1.9,1.1,8.8,11.3
김태훈,0.53,43,0,43,12,0,0,3,2,9,10,43,15,18,21.05,188,40,7,0,3,20,2,2,34,5,0,2,3.14,3.77,4.41,4.6,4.15,1.4,7.12,4.19,1.7,0.63,18.1,10.6,7.4,0.298,75.9,3.39,4.51,-1.01,79.14,103.58,104.66,0.255,0.339,0.357,0.696,694,16.1,16.1,3.69,0,,0,,0,0,0,14,,0,0,,0,0,6,0,0,,,,,,15,3,2,9,10,4,0,4,82.6,0,0,1,0,20,8,9,6,66.7,6,0,0,1,16.14,1.61,0.53,0.298,124,56.8,4.5,35.6,40.2,3,1.4,5.7,10
박승주,0.4,27,0,27,11,0,0,1,0,0,0,25,12,12,10.6,116,20,4,1,3,21,3,0,22,0,0,2,4.32,4.32,3.82,4.12,5.99,1.64,7.92,7.56,1.05,1.08,19,18.1,0.9,0.258,80,4.66,5.3,-1.67,108.9,92.68,150.95,0.22,0.383,0.385,0.768,515,19.1,20.6,4.44,0,,0,,0,0,0,10,,0,0,,0,0,10,4,40,,,,,,6,0,4,0,0,0,0,0,,0,0,0,0,2,0,10,1,10,10,4,40,0.93,19.07,0.15,0.4,0.258,66,31.4,7.1,57.1,64.3,4.3,0.5,6.7,0
김준형,0.4,12,0,12,2,0,0,0,1,0,0,13.1,3,3,4.05,61,9,1,0,0,13,2,0,6,0,0,3,2.03,2.03,2.73,2.88,6.15,1.65,4.05,8.78,0.46,0,9.8,21.3,-11.5,0.231,87.5,6.23,6.78,-4.12,51.05,64.74,154.95,0.205,0.4,0.227,0.627,267,22.3,20,4.38,0,,0,,0,0,0,5,,0,0,,0,0,0,0,,,,,,,1,0,1,0,0,0,1,1,0,0,0,0,0,1,2,2,2,100,0,0,,1.11,22.25,0.74,0.4,0.231,39,47.5,2.5,47.5,50,2.5,1,0,11.1
김동혁,0.23,24,0,24,6,0,0,2,1,0,3,26.2,14,14,14.55,115,28,12,2,0,11,1,2,18,0,0,1,4.73,4.73,4.91,5.03,3.26,1.46,6.08,3.71,1.64,0,15.7,9.6,6.1,0.333,65,3.34,4.67,1.47,119.11,113.19,82.16,0.28,0.351,0.44,0.791,420,17.5,15.8,3.65,0,,0,,0,0,0,19,,0,0,,0,0,1,1,100,,,,,,7,1,4,0,3,1,1,2,60,0,0,0,1,3,3,5,2,40,1,1,100,1.11,17.5,0.61,0.23,0.333,84,45.9,0,49.4,49.4,4.7,0.9,0,0
이명종,0.07,27,0,27,6,0,0,4,1,0,4,27.1,16,17,17,126,28,4,0,3,16,2,1,20,0,0,1,5.27,5.6,5.6,5.64,5.3,1.61,6.59,5.27,1.25,0.99,15.9,12.7,3.2,0.313,69,4.07,5.02,-0.03,132.81,127,133.67,0.277,0.38,0.406,0.786,480,17.8,17.6,3.81,0,,0,,0,0,0,17,,0,0,,0,0,7,1,14.3,,,,,,7,0,5,0,4,0,1,1,80,0,1,0,0,5,2,5,1,20,7,1,14.3,1.01,17.78,0.71,0.07,0.313,80,55.7,5.7,37.5,43.2,1.1,1.3,7.9,3.6
김선기,0.06,26,2,24,4,0,0,3,1,1,4,36.2,21,24,22.65,167,39,9,0,1,19,2,1,30,3,0,1,5.15,5.89,5.56,5.57,3.84,1.58,7.36,4.66,1.58,0.25,18,11.4,6.6,0.333,61,3.59,4.61,1.32,129.94,125.39,96.77,0.277,0.361,0.362,0.723,640,24.6,17.5,3.83,0,0,0,0,2,0,0,16,21.6,1,1,50,0,0,10,5,50,3.33,74,42,-0.15,-0.03,6,2,7,1,4,1,0,1,83.3,0,1,1,0,9,9,10,3,30,10,5,50,1.25,20.5,1.3,0.1,0.333,114,54.8,4.3,40,44.3,0.9,1.2,2,12.8
윤정현,0.06,17,2,15,2,0,0,1,1,0,4,22.2,16,17,13.75,106,27,3,0,2,12,5,1,17,0,0,0,6.35,6.75,5.46,5.42,5.15,1.72,6.75,4.77,1.42,0.79,16,11.3,4.7,0.357,65.9,4.15,4.83,1.21,160.15,122.14,129.76,0.303,0.415,0.404,0.819,422,24.8,18.6,3.98,0,0,0,0,2,0,0,25,30.7,2,0,100,0,0,8,7,87.5,3.67,63,45,0,0.13,2,0,4,0,4,0,0,0,100,0,1,0,0,5,5,15,1,6.7,8,7,87.5,1.02,19.73,1.39,-0.07,0.357,70,62.5,1.4,31.9,33.3,4.2,1.9,8.3,11.1
이영준,-0.03,26,0,26,6,0,0,2,2,0,4,21,10,12,12.85,102,27,2,0,0,13,2,1,16,3,0,1,4.29,5.14,5.51,5.8,3.95,1.9,6.86,5.57,1.23,0,15.7,12.7,2.9,0.397,71.4,4.02,5.05,0.34,108.04,130.49,99.48,0.325,0.424,0.349,0.773,415,16,19.8,4.07,0,,0,,0,0,0,15,,0,0,,0,0,12,2,16.7,,,,,,4,0,1,0,4,1,1,2,66.7,0,0,0,1,6,6,8,3,37.5,12,2,16.7,0.81,15.96,1.02,-0.03,0.397,68,56.3,2.8,38,40.8,2.8,1.4,0,3.7
장재영,-0.12,14,0,14,3,0,0,0,0,0,0,14,12,12,11.3,70,23,4,0,2,7,1,0,19,0,0,1,7.71,7.71,7.26,7.38,3.86,2.14,12.21,4.5,2.71,1.29,27.1,10,17.1,0.512,67.9,2.28,3.34,3.85,194.47,166.09,97.37,0.371,0.443,0.532,0.975,285,20.4,20.4,4.07,0,,0,,0,0,0,0,,0,0,,0,0,6,4,66.7,,,,,,2,0,2,0,0,0,0,0,,0,0,0,0,1,1,3,3,100,6,4,66.7,1,20.36,0.34,-0.12,0.512,41,32.6,7,60.5,67.4,0,0.5,6.9,4.3
주승우,-0.15,4,1,3,1,0,0,0,0,0,0,3.1,4,5,5,23,5,0,0,1,7,0,0,4,1,0,0,10.8,13.5,13.5,14.31,10.86,3.6,10.8,18.9,0.57,2.7,17.4,30.4,-13,0.4,63.6,7.44,6.97,-0.06,272.26,322.17,273.87,0.333,0.545,0.533,1.078,101,25.3,30.3,4.39,0,0,0,0,1,0,0,0,0,0,1,0,0,0,5,0,0,2,46,52,0.07,0.1,0,0,0,0,0,0,0,0,,0,0,0,0,0,1,3,0,0,5,0,0,0.44,18.33,0.15,-0.26,0.4,10,25,0,75,75,0,0.3,11.1,0
양현,-0.19,25,0,25,7,0,0,3,2,2,5,36.2,21,23,24.2,167,39,5,0,4,17,1,2,14,4,0,1,5.15,5.65,5.94,6.01,5.48,1.53,3.44,4.17,0.82,0.98,8.4,10.2,-1.8,0.273,66.7,4.26,5.62,-0.33,129.94,135.21,138.16,0.273,0.348,0.392,0.74,611,24.4,16.7,3.66,0,,0,,0,0,0,24,,0,0,,0,0,2,0,0,,,,,,2,0,10,2,5,1,1,2,77.8,0,0,0,0,8,8,5,2,40,2,0,0,1.47,24.44,1.19,-0.19,0.273,128,55.6,0.7,39.3,40,4.4,1.4,7.4,12.8
송정인,-0.21,1,0,1,0,0,0,0,0,0,0,2,5,5,5,13,4,2,0,0,3,0,0,0,0,0,0,22.5,22.5,22.5,23.85,8.43,3.5,0,13.5,0,0,0,23.1,-23.1,0.4,28.6,8.49,8.17,14.07,567.2,536.95,212.62,0.4,0.538,0.6,1.138,50,50,25,3.85,0,,0,,0,0,0,0,,0,0,,0,0,0,0,,,,,,,0,0,1,0,0,0,0,0,,0,0,0,0,0,0,0,0,,0,0,,2,50,0.05,-0.21,0.4,10,80,0,20,20,0,4,0,0
박주성,-0.25,11,0,11,7,0,0,1,1,0,0,13,8,9,11.6,61,11,5,0,4,7,3,1,8,1,0,0,5.54,6.23,8.03,8.23,8.05,1.38,5.54,4.85,1.14,2.77,13.1,11.5,1.6,0.184,80,4.5,5.2,-2.51,139.62,185.35,203.02,0.224,0.35,0.571,0.921,216,19.6,16.6,3.54,0,,0,,0,0,0,6,,0,0,,0,0,3,0,0,,,,,,2,0,4,0,0,0,0,0,,0,0,0,0,1,3,7,5,71.4,3,0,0,1.18,19.64,0.53,-0.25,0.184,38,37.2,4.7,53.5,58.1,4.7,0.6,16,0
노운현,-0.3,5,0,5,1,0,0,0,1,0,0,4,5,7,6.65,28,10,1,0,0,3,1,0,3,2,0,1,11.25,15.75,14.96,16.22,5.01,3.25,6.75,6.75,1,0,10.7,10.7,0,0.476,50,5.14,5.4,6.24,283.6,365.26,126.28,0.417,0.5,0.458,0.958,89,17.8,22.3,3.18,0,,0,,0,0,0,5,,0,0,,0,0,3,1,33.3,,,,,,0,0,0,0,0,0,1,1,0,0,0,0,0,0,1,0,0,,3,1,33.3,0.8,17.8,0.3,-0.3,0.476,21,52.4,4.8,42.9,47.6,0,1.1,0,0
하영민,-0.73,41,0,41,17,0,0,5,3,0,2,39.1,15,27,30.55,178,35,8,2,4,21,0,0,23,8,0,2,3.43,6.18,6.99,7.4,5.19,1.42,5.26,4.81,1.1,0.92,12.9,11.8,1.1,0.246,58,4.06,5.27,-1.76,86.52,166.68,130.77,0.235,0.322,0.396,0.718,667,16.3,17,3.75,0,,0,,0,0,0,18,,0,0,,0,0,9,4,44.4,,,,,,9,0,5,0,2,0,1,1,66.7,0,0,0,1,7,7,17,10,58.8,9,4,44.4,0.96,16.27,0.94,-0.73,0.246,126,53,1.5,41.8,43.3,3.7,1.2,6.9,0
김성진,-0.94,23,0,23,8,0,0,0,2,0,2,21.2,19,25,24.15,105,31,3,0,3,10,3,0,16,1,0,0,7.89,10.38,10.03,10.11,5.45,1.89,6.65,4.15,1.6,1.25,15.2,9.5,5.7,0.394,47.5,3.88,4.71,2.45,198.96,227.57,137.28,0.348,0.427,0.483,0.91,378,16.4,17.4,3.6,0,,0,,0,0,0,7,,0,0,,0,0,7,5,71.4,,,,,,3,0,4,0,2,0,0,0,100,0,1,0,0,2,5,15,4,26.7,7,5,71.4,0.94,16.43,0.78,-0.94,0.394,71,53.9,5.3,35.5,40.8,5.3,1.3,9.7,16.1
